Workbook

Sheet Executive Summary
A1: Pampered Pets: Quantitative Risk Model
A3: Outcome | B3: Inherent mean | C3: P10 | D3: Median | E3: P90 | F3: Residual mean | G3: Residual P10 | H3: Residual P90
A4: Quality endangerment | B4: =AVERAGE(_xlfn.ANCHORARRAY(Simulation!W2)) -> 0.25642107 | C4: =_xlfn.PERCENTILE.INC(_xlfn.ANCHORARRAY(Simulation!W2),0.1) -> 0.20802482 | D4: =MEDIAN(_xlfn.ANCHORARRAY(Simulation!W2)) -> 0.2546263 | E4: =_xlfn.PERCENTILE.INC(_xlfn.ANCHORARRAY(Simulation!W2),0.9) -> 0.30750857 | F4: =AVERAGE(_xlfn.ANCHORARRAY(Simulation!X2)) -> 0.1102645 | G4: =_xlfn.PERCENTILE.INC(_xlfn.ANCHORARRAY(Simulation!X2),0.1) -> 0.085127784 | H4: =_xlfn.PERCENTILE.INC(_xlfn.ANCHORARRAY(Simulation!X2),0.9) -> 0.13675257
A5: Supply/availability endangerment | B5: =AVERAGE(_xlfn.ANCHORARRAY(Simulation!Y2)) -> 0.49619185 | C5: =_xlfn.PERCENTILE.INC(_xlfn.ANCHORARRAY(Simulation!Y2),0.1) -> 0.4209497 | D5: =MEDIAN(_xlfn.ANCHORARRAY(Simulation!Y2)) -> 0.49462799 | E5: =_xlfn.PERCENTILE.INC(_xlfn.ANCHORARRAY(Simulation!Y2),0.9) -> 0.5744513 | F5: =AVERAGE(_xlfn.ANCHORARRAY(Simulation!Z2)) -> 0.28694117 | G5: =_xlfn.PERCENTILE.INC(_xlfn.ANCHORARRAY(Simulation!Z2),0.1) -> 0.22901858 | H5: =_xlfn.PERCENTILE.INC(_xlfn.ANCHORARRAY(Simulation!Z2),0.9) -> 0.34819865
A8: Interpretation
A9: 1 | B9: Inputs are scenario judgements because the case provides no historical loss data.
A10: 2 | B10: Controls reduce the chance of escalation rather than unrealistically preventing every hazard.
A11: 3 | B11: A shared annual stress factor introduces positive dependence between risks during an adverse year.
A12: 4 | B12: P10–P90 expresses parameter uncertainty from the stated ranges; it is not a statistical confidence interval.
A13: 5 | B13: Replace inputs with supplier, warehouse, quality and incident data after the pilot; rerun quarterly and after material change.
A16: Trials | B16: 10,000 Monte Carlo simulations
A17: Horizon | B17: One operating year
A18: Core equation | B18: p(endangerment) = p(hazard occurs) × p(harm escapes controls | occurrence)
A19: Portfolio equation | B19: p(at least one endangerment) = 1 − ∏(1 − pᵢ)
A20: Seed | B20: 20261003 (fixed seed; reproducible)

Sheet Inputs
A1: Assumptions and control design
A3: Domain | B3: Risk event | C3: Occ. low | D3: Occ. mode | E3: Occ. high | F3: Esc. low | G3: Esc. mode | H3: Esc. high | I3: Residual esc. low | J3: Residual esc. mode | K3: Residual esc. high
A4: Quality | B4: Supplier material non-conformance | C4: 0.1 | D4: 0.18 | E4: 0.3 | F4: 0.15 | G4: 0.28 | H4: 0.45 | I4: 0.05 | J4: 0.1 | K4: 0.2
A5: Quality | B5: Cold-chain or storage excursion | C5: 0.08 | D5: 0.15 | E5: 0.25 | F5: 0.2 | G5: 0.35 | H5: 0.55 | I5: 0.05 | J5: 0.12 | K5: 0.25
A6: Quality | B6: Automation or master-data error | C6: 0.08 | D6: 0.14 | E6: 0.24 | F6: 0.2 | G6: 0.38 | H6: 0.6 | I6: 0.05 | J6: 0.12 | K6: 0.25
A7: Quality | B7: Cyber-enabled data-integrity failure | C7: 0.03 | D7: 0.07 | E7: 0.15 | F7: 0.25 | G7: 0.45 | H7: 0.7 | I7: 0.08 | J7: 0.18 | K7: 0.35
A8: Quality | B8: Scale-driven packing or release error | C8: 0.1 | D8: 0.2 | E8: 0.35 | F8: 0.15 | G8: 0.3 | H8: 0.5 | I8: 0.05 | J8: 0.12 | K8: 0.25
A9: Availability | B9: International supplier delay or failure | C9: 0.2 | D9: 0.35 | E9: 0.55 | F9: 0.3 | G9: 0.5 | H9: 0.7 | I9: 0.1 | J9: 0.22 | K9: 0.4
A10: Availability | B10: Freight or customs disruption | C10: 0.18 | D10: 0.32 | E10: 0.5 | F10: 0.25 | G10: 0.45 | H10: 0.65 | I10: 0.1 | J10: 0.22 | K10: 0.38
A11: Availability | B11: Automated warehouse outage | C11: 0.1 | D11: 0.2 | E11: 0.35 | F11: 0.3 | G11: 0.5 | H11: 0.7 | I11: 0.1 | J11: 0.25 | K11: 0.45
A12: Availability | B12: Cyber or cloud service interruption | C12: 0.05 | D12: 0.11 | E12: 0.22 | F12: 0.25 | G12: 0.45 | H12: 0.7 | I12: 0.05 | J12: 0.15 | K12: 0.3
A13: Availability | B13: Demand forecast error causing stockout | C13: 0.15 | D13: 0.28 | E13: 0.45 | F13: 0.25 | G13: 0.42 | H13: 0.62 | I13: 0.1 | J13: 0.25 | K13: 0.42
A16: Evidence class | B16: Structured scenario judgement informed by the case and module literature; not an empirical frequency.
A17: Occurrence | B17: Probability that the hazard happens at least once in one operating year.
A18: Escalation | B18: Probability that occurrence produces material quality or availability harm before proposed controls.
A19: Residual escalation | B19: Conditional probability of harm after the proposed treatment is implemented and operating.
A20: Dependence | B20: Shared triangular stress multiplier (0.80, 1.00, 1.25) captures adverse years affecting several hazards.
A21: Calibration | B21: Use supplier defects/OTIF, temperature excursions, warehouse downtime, forecast error and security incidents after launch.

Sheet Simulation
A1: Trial | B1: Shared stress | C1: Supplier material non-conformance inherent p | D1: Cold-chain or storage excursion inherent p | E1: Automation or master-data error inherent p | F1: Cyber-enabled data-integrity failure inherent p | G1: Scale-driven packing or release error inherent p | H1: International supplier delay or failure inherent p | I1: Freight or customs disruption inherent p | J1: Automated warehouse outage inherent p | K1: Cyber or cloud service interruption inherent p | L1: Demand forecast error causing stockout inherent p | M1: Supplier material non-conformance residual p | N1: Cold-chain or storage excursion residual p | O1: Automation or master-data error residual p | P1: Cyber-enabled data-integrity failure residual p | Q1: Scale-driven packing or release error residual p | R1: International supplier delay or failure residual p | S1: Freight or customs disruption residual p | T1: Automated warehouse outage residual p | U1: Cyber or cloud service interruption residual p | V1: Demand forecast error causing stockout residual p | W1: Quality inherent | X1: Quality residual | Y1: Availability inherent | Z1: Availability residual
A2: {=_xlfn.SEQUENCE(10000)} -> 1 | B2: {=_xlfn.LET(_xlpm.u,_xlfn.RANDARRAY(10000),_xlpm.a,0.8,_xlpm.m,1,_xlpm.b,1.25,IF(_xlpm.u<(_xlpm.m-_xlpm.a)/(_xlpm.b-_xlpm.a),_xlpm.a+SQRT(_xlpm.u*(_xlpm.b-_xlpm.a)*(_xlpm.m-_xlpm.a)),_xlpm.b-SQRT((1-_xlpm.u)*(_xlpm.b-_xlpm.a)*(_xlpm.b-_xlpm.m))))} -> 1.0523965 | C2: {=_xlfn.LET(_xlpm.randomOne,_xlfn.RANDARRAY(10000),_xlpm.randomTwo,_xlfn.RANDARRAY(10000),_xlpm.lowOcc,Inputs!C4,_xlpm.modeOcc,Inputs!D4,_xlpm.highOcc,Inputs!E4,_xlpm.lowEsc,Inputs!F4,_xlpm.modeEsc,Inputs!G4,_xlpm.highEsc,Inputs!H4,_xlpm.occurrence,IF(_xlpm.randomOne<(_xlpm.modeOcc-_xlpm.lowOcc)/(_xlpm.highOcc-_xlpm.lowOcc),_xlpm.lowOcc+SQRT(_xlpm.randomOne*(_xlpm.highOcc-_xlpm.lowOcc)*(_xlpm.modeOcc-_xlpm.lowOcc)),_xlpm.highOcc-SQRT((1-_xlpm.randomOne)*(_xlpm.highOcc-_xlpm.lowOcc)*(_xlpm.highOcc-_xlpm.modeOcc))),_xlpm.escalation,IF(_xlpm.randomTwo<(_xlpm.modeEsc-_xlpm.lowEsc)/(_xlpm.highEsc-_xlpm.lowEsc),_xlpm.lowEsc+SQRT(_xlpm.randomTwo*(_xlpm.highEsc-_xlpm.lowEsc)*(_xlpm.modeEsc-_xlpm.lowEsc)),_xlpm.highEsc-SQRT((1-_xlpm.randomTwo)*(_xlpm.highEsc-_xlpm.lowEsc)*(_xlpm.highEsc-_xlpm.modeEsc))),_xlpm.resultProbability,_xlpm.occurrence*_xlpm.escalation*_xlfn.ANCHORARRAY(B2),IF(_xlpm.resultProbability>1,1,_xlpm.resultProbability))} -> 0.063593934 | D2: {=_xlfn.LET(_xlpm.randomOne,_xlfn.RANDARRAY(10000),_xlpm.randomTwo,_xlfn.RANDARRAY(10000),_xlpm.lowOcc,Inputs!C5,_xlpm.modeOcc,Inputs!D5,_xlpm.highOcc,Inputs!E5,_xlpm.lowEsc,Inputs!F5,_xlpm.modeEsc,Inputs!G5,_xlpm.highEsc,Inputs!H5,_xlpm.occurrence,IF(_xlpm.randomOne<(_xlpm.modeOcc-_xlpm.lowOcc)/(_xlpm.highOcc-_xlpm.lowOcc),_xlpm.lowOcc+SQRT(_xlpm.randomOne*(_xlpm.highOcc-_xlpm.lowOcc)*(_xlpm.modeOcc-_xlpm.lowOcc)),_xlpm.highOcc-SQRT((1-_xlpm.randomOne)*(_xlpm.highOcc-_xlpm.lowOcc)*(_xlpm.highOcc-_xlpm.modeOcc))),_xlpm.escalation,IF(_xlpm.randomTwo<(_xlpm.modeEsc-_xlpm.lowEsc)/(_xlpm.highEsc-_xlpm.lowEsc),_xlpm.lowEsc+SQRT(_xlpm.randomTwo*(_xlpm.highEsc-_xlpm.lowEsc)*(_xlpm.modeEsc-_xlpm.lowEsc)),_xlpm.highEsc-SQRT((1-_xlpm.randomTwo)*(_xlpm.highEsc-_xlpm.lowEsc)*(_xlpm.highEsc-_xlpm.modeEsc))),_xlpm.resultProbability,_xlpm.occurrence*_xlpm.escalation*_xlfn.ANCHORARRAY(B2),IF(_xlpm.resultProbability>1,1,_xlpm.resultProbability))} -> 0.051052587 | E2: {=_xlfn.LET(_xlpm.randomOne,_xlfn.RANDARRAY(10000),_xlpm.randomTwo,_xlfn.RANDARRAY(10000),_xlpm.lowOcc,Inputs!C6,_xlpm.modeOcc,Inputs!D6,_xlpm.highOcc,Inputs!E6,_xlpm.lowEsc,Inputs!F6,_xlpm.modeEsc,Inputs!G6,_xlpm.highEsc,Inputs!H6,_xlpm.occurrence,IF(_xlpm.randomOne<(_xlpm.modeOcc-_xlpm.lowOcc)/(_xlpm.highOcc-_xlpm.lowOcc),_xlpm.lowOcc+SQRT(_xlpm.randomOne*(_xlpm.highOcc-_xlpm.lowOcc)*(_xlpm.modeOcc-_xlpm.lowOcc)),_xlpm.highOcc-SQRT((1-_xlpm.randomOne)*(_xlpm.highOcc-_xlpm.lowOcc)*(_xlpm.highOcc-_xlpm.modeOcc))),_xlpm.escalation,IF(_xlpm.randomTwo<(_xlpm.modeEsc-_xlpm.lowEsc)/(_xlpm.highEsc-_xlpm.lowEsc),_xlpm.lowEsc+SQRT(_xlpm.randomTwo*(_xlpm.highEsc-_xlpm.lowEsc)*(_xlpm.modeEsc-_xlpm.lowEsc)),_xlpm.highEsc-SQRT((1-_xlpm.randomTwo)*(_xlpm.highEsc-_xlpm.lowEsc)*(_xlpm.highEsc-_xlpm.modeEsc))),_xlpm.resultProbability,_xlpm.occurrence*_xlpm.escalation*_xlfn.ANCHORARRAY(B2),IF(_xlpm.resultProbability>1,1,_xlpm.resultProbability))} -> 0.062220477 | F2: {=_xlfn.LET(_xlpm.randomOne,_xlfn.RANDARRAY(10000),_xlpm.randomTwo,_xlfn.RANDARRAY(10000),_xlpm.lowOcc,Inputs!C7,_xlpm.modeOcc,Inputs!D7,_xlpm.highOcc,Inputs!E7,_xlpm.lowEsc,Inputs!F7,_xlpm.modeEsc,Inputs!G7,_xlpm.highEsc,Inputs!H7,_xlpm.occurrence,IF(_xlpm.randomOne<(_xlpm.modeOcc-_xlpm.lowOcc)/(_xlpm.highOcc-_xlpm.lowOcc),_xlpm.lowOcc+SQRT(_xlpm.randomOne*(_xlpm.highOcc-_xlpm.lowOcc)*(_xlpm.modeOcc-_xlpm.lowOcc)),_xlpm.highOcc-SQRT((1-_xlpm.randomOne)*(_xlpm.highOcc-_xlpm.lowOcc)*(_xlpm.highOcc-_xlpm.modeOcc))),_xlpm.escalation,IF(_xlpm.randomTwo<(_xlpm.modeEsc-_xlpm.lowEsc)/(_xlpm.highEsc-_xlpm.lowEsc),_xlpm.lowEsc+SQRT(_xlpm.randomTwo*(_xlpm.highEsc-_xlpm.lowEsc)*(_xlpm.modeEsc-_xlpm.lowEsc)),_xlpm.highEsc-SQRT((1-_xlpm.randomTwo)*(_xlpm.highEsc-_xlpm.lowEsc)*(_xlpm.highEsc-_xlpm.modeEsc))),_xlpm.resultProbability,_xlpm.occurrence*_xlpm.escalation*_xlfn.ANCHORARRAY(B2),IF(_xlpm.resultProbability>1,1,_xlpm.resultProbability))} -> 0.024113956 | G2: {=_xlfn.LET(_xlpm.randomOne,_xlfn.RANDARRAY(10000),_xlpm.randomTwo,_xlfn.RANDARRAY(10000),_xlpm.lowOcc,Inputs!C8,_xlpm.modeOcc,Inputs!D8,_xlpm.highOcc,Inputs!E8,_xlpm.lowEsc,Inputs!F8,_xlpm.modeEsc,Inputs!G8,_xlpm.highEsc,Inputs!H8,_xlpm.occurrence,IF(_xlpm.randomOne<(_xlpm.modeOcc-_xlpm.lowOcc)/(_xlpm.highOcc-_xlpm.lowOcc),_xlpm.lowOcc+SQRT(_xlpm.randomOne*(_xlpm.highOcc-_xlpm.lowOcc)*(_xlpm.modeOcc-_xlpm.lowOcc)),_xlpm.highOcc-SQRT((1-_xlpm.randomOne)*(_xlpm.highOcc-_xlpm.lowOcc)*(_xlpm.highOcc-_xlpm.modeOcc))),_xlpm.escalation,IF(_xlpm.randomTwo<(_xlpm.modeEsc-_xlpm.lowEsc)/(_xlpm.highEsc-_xlpm.lowEsc),_xlpm.lowEsc+SQRT(_xlpm.randomTwo*(_xlpm.highEsc-_xlpm.lowEsc)*(_xlpm.modeEsc-_xlpm.lowEsc)),_xlpm.highEsc-SQRT((1-_xlpm.randomTwo)*(_xlpm.highEsc-_xlpm.lowEsc)*(_xlpm.highEsc-_xlpm.modeEsc))),_xlpm.resultProbability,_xlpm.occurrence*_xlpm.escalation*_xlfn.ANCHORARRAY(B2),IF(_xlpm.resultProbability>1,1,_xlpm.resultProbability))} -> 0.11927024 | H2: {=_xlfn.LET(_xlpm.randomOne,_xlfn.RANDARRAY(10000),_xlpm.randomTwo,_xlfn.RANDARRAY(10000),_xlpm.lowOcc,Inputs!C9,_xlpm.modeOcc,Inputs!D9,_xlpm.highOcc,Inputs!E9,_xlpm.lowEsc,Inputs!F9,_xlpm.modeEsc,Inputs!G9,_xlpm.highEsc,Inputs!H9,_xlpm.occurrence,IF(_xlpm.randomOne<(_xlpm.modeOcc-_xlpm.lowOcc)/(_xlpm.highOcc-_xlpm.lowOcc),_xlpm.lowOcc+SQRT(_xlpm.randomOne*(_xlpm.highOcc-_xlpm.lowOcc)*(_xlpm.modeOcc-_xlpm.lowOcc)),_xlpm.highOcc-SQRT((1-_xlpm.randomOne)*(_xlpm.highOcc-_xlpm.lowOcc)*(_xlpm.highOcc-_xlpm.modeOcc))),_xlpm.escalation,IF(_xlpm.randomTwo<(_xlpm.modeEsc-_xlpm.lowEsc)/(_xlpm.highEsc-_xlpm.lowEsc),_xlpm.lowEsc+SQRT(_xlpm.randomTwo*(_xlpm.highEsc-_xlpm.lowEsc)*(_xlpm.modeEsc-_xlpm.lowEsc)),_xlpm.highEsc-SQRT((1-_xlpm.randomTwo)*(_xlpm.highEsc-_xlpm.lowEsc)*(_xlpm.highEsc-_xlpm.modeEsc))),_xlpm.resultProbability,_xlpm.occurrence*_xlpm.escalation*_xlfn.ANCHORARRAY(B2),IF(_xlpm.resultProbability>1,1,_xlpm.resultProbability))} -> 0.19208198 | I2: {=_xlfn.LET(_xlpm.randomOne,_xlfn.RANDARRAY(10000),_xlpm.randomTwo,_xlfn.RANDARRAY(10000),_xlpm.lowOcc,Inputs!C10,_xlpm.modeOcc,Inputs!D10,_xlpm.highOcc,Inputs!E10,_xlpm.lowEsc,Inputs!F10,_xlpm.modeEsc,Inputs!G10,_xlpm.highEsc,Inputs!H10,_xlpm.occurrence,IF(_xlpm.randomOne<(_xlpm.modeOcc-_xlpm.lowOcc)/(_xlpm.highOcc-_xlpm.lowOcc),_xlpm.lowOcc+SQRT(_xlpm.randomOne*(_xlpm.highOcc-_xlpm.lowOcc)*(_xlpm.modeOcc-_xlpm.lowOcc)),_xlpm.highOcc-SQRT((1-_xlpm.randomOne)*(_xlpm.highOcc-_xlpm.lowOcc)*(_xlpm.highOcc-_xlpm.modeOcc))),_xlpm.escalation,IF(_xlpm.randomTwo<(_xlpm.modeEsc-_xlpm.lowEsc)/(_xlpm.highEsc-_xlpm.lowEsc),_xlpm.lowEsc+SQRT(_xlpm.randomTwo*(_xlpm.highEsc-_xlpm.lowEsc)*(_xlpm.modeEsc-_xlpm.lowEsc)),_xlpm.highEsc-SQRT((1-_xlpm.randomTwo)*(_xlpm.highEsc-_xlpm.lowEsc)*(_xlpm.highEsc-_xlpm.modeEsc))),_xlpm.resultProbability,_xlpm.occurrence*_xlpm.escalation*_xlfn.ANCHORARRAY(B2),IF(_xlpm.resultProbability>1,1,_xlpm.resultProbability))} -> 0.10430751 | J2: {=_xlfn.LET(_xlpm.randomOne,_xlfn.RANDARRAY(10000),_xlpm.randomTwo,_xlfn.RANDARRAY(10000),_xlpm.lowOcc,Inputs!C11,_xlpm.modeOcc,Inputs!D11,_xlpm.highOcc,Inputs!E11,_xlpm.lowEsc,Inputs!F11,_xlpm.modeEsc,Inputs!G11,_xlpm.highEsc,Inputs!H11,_xlpm.occurrence,IF(_xlpm.randomOne<(_xlpm.modeOcc-_xlpm.lowOcc)/(_xlpm.highOcc-_xlpm.lowOcc),_xlpm.lowOcc+SQRT(_xlpm.randomOne*(_xlpm.highOcc-_xlpm.lowOcc)*(_xlpm.modeOcc-_xlpm.lowOcc)),_xlpm.highOcc-SQRT((1-_xlpm.randomOne)*(_xlpm.highOcc-_xlpm.lowOcc)*(_xlpm.highOcc-_xlpm.modeOcc))),_xlpm.escalation,IF(_xlpm.randomTwo<(_xlpm.modeEsc-_xlpm.lowEsc)/(_xlpm.highEsc-_xlpm.lowEsc),_xlpm.lowEsc+SQRT(_xlpm.randomTwo*(_xlpm.highEsc-_xlpm.lowEsc)*(_xlpm.modeEsc-_xlpm.lowEsc)),_xlpm.highEsc-SQRT((1-_xlpm.randomTwo)*(_xlpm.highEsc-_xlpm.lowEsc)*(_xlpm.highEsc-_xlpm.modeEsc))),_xlpm.resultProbability,_xlpm.occurrence*_xlpm.escalation*_xlfn.ANCHORARRAY(B2),IF(_xlpm.resultProbability>1,1,_xlpm.resultProbability))} -> 0.13156087 | K2: {=_xlfn.LET(_xlpm.randomOne,_xlfn.RANDARRAY(10000),_xlpm.randomTwo,_xlfn.RANDARRAY(10000),_xlpm.lowOcc,Inputs!C12,_xlpm.modeOcc,Inputs!D12,_xlpm.highOcc,Inputs!E12,_xlpm.lowEsc,Inputs!F12,_xlpm.modeEsc,Inputs!G12,_xlpm.highEsc,Inputs!H12,_xlpm.occurrence,IF(_xlpm.randomOne<(_xlpm.modeOcc-_xlpm.lowOcc)/(_xlpm.highOcc-_xlpm.lowOcc),_xlpm.lowOcc+SQRT(_xlpm.randomOne*(_xlpm.highOcc-_xlpm.lowOcc)*(_xlpm.modeOcc-_xlpm.lowOcc)),_xlpm.highOcc-SQRT((1-_xlpm.randomOne)*(_xlpm.highOcc-_xlpm.lowOcc)*(_xlpm.highOcc-_xlpm.modeOcc))),_xlpm.escalation,IF(_xlpm.randomTwo<(_xlpm.modeEsc-_xlpm.lowEsc)/(_xlpm.highEsc-_xlpm.lowEsc),_xlpm.lowEsc+SQRT(_xlpm.randomTwo*(_xlpm.highEsc-_xlpm.lowEsc)*(_xlpm.modeEsc-_xlpm.lowEsc)),_xlpm.highEsc-SQRT((1-_xlpm.randomTwo)*(_xlpm.highEsc-_xlpm.lowEsc)*(_xlpm.highEsc-_xlpm.modeEsc))),_xlpm.resultProbability,_xlpm.occurrence*_xlpm.escalation*_xlfn.ANCHORARRAY(B2),IF(_xlpm.resultProbability>1,1,_xlpm.resultProbability))} -> 0.037737756 | L2: {=_xlfn.LET(_xlpm.randomOne,_xlfn.RANDARRAY(10000),_xlpm.randomTwo,_xlfn.RANDARRAY(10000),_xlpm.lowOcc,Inputs!C13,_xlpm.modeOcc,Inputs!D13,_xlpm.highOcc,Inputs!E13,_xlpm.lowEsc,Inputs!F13,_xlpm.modeEsc,Inputs!G13,_xlpm.highEsc,Inputs!H13,_xlpm.occurrence,IF(_xlpm.randomOne<(_xlpm.modeOcc-_xlpm.lowOcc)/(_xlpm.highOcc-_xlpm.lowOcc),_xlpm.lowOcc+SQRT(_xlpm.randomOne*(_xlpm.highOcc-_xlpm.lowOcc)*(_xlpm.modeOcc-_xlpm.lowOcc)),_xlpm.highOcc-SQRT((1-_xlpm.randomOne)*(_xlpm.highOcc-_xlpm.lowOcc)*(_xlpm.highOcc-_xlpm.modeOcc))),_xlpm.escalation,IF(_xlpm.randomTwo<(_xlpm.modeEsc-_xlpm.lowEsc)/(_xlpm.highEsc-_xlpm.lowEsc),_xlpm.lowEsc+SQRT(_xlpm.randomTwo*(_xlpm.highEsc-_xlpm.lowEsc)*(_xlpm.modeEsc-_xlpm.lowEsc)),_xlpm.highEsc-SQRT((1-_xlpm.randomTwo)*(_xlpm.highEsc-_xlpm.lowEsc)*(_xlpm.highEsc-_xlpm.modeEsc))),_xlpm.resultProbability,_xlpm.occurrence*_xlpm.escalation*_xlfn.ANCHORARRAY(B2),IF(_xlpm.resultProbability>1,1,_xlpm.resultProbability))} -> 0.16428972 | M2: {=_xlfn.LET(_xlpm.randomOne,_xlfn.RANDARRAY(10000),_xlpm.randomTwo,_xlfn.RANDARRAY(10000),_xlpm.lowOcc,Inputs!C4,_xlpm.modeOcc,Inputs!D4,_xlpm.highOcc,Inputs!E4,_xlpm.lowEsc,Inputs!I4,_xlpm.modeEsc,Inputs!J4,_xlpm.highEsc,Inputs!K4,_xlpm.occurrence,IF(_xlpm.randomOne<(_xlpm.modeOcc-_xlpm.lowOcc)/(_xlpm.highOcc-_xlpm.lowOcc),_xlpm.lowOcc+SQRT(_xlpm.randomOne*(_xlpm.highOcc-_xlpm.lowOcc)*(_xlpm.modeOcc-_xlpm.lowOcc)),_xlpm.highOcc-SQRT((1-_xlpm.randomOne)*(_xlpm.highOcc-_xlpm.lowOcc)*(_xlpm.highOcc-_xlpm.modeOcc))),_xlpm.escalation,IF(_xlpm.randomTwo<(_xlpm.modeEsc-_xlpm.lowEsc)/(_xlpm.highEsc-_xlpm.lowEsc),_xlpm.lowEsc+SQRT(_xlpm.randomTwo*(_xlpm.highEsc-_xlpm.lowEsc)*(_xlpm.modeEsc-_xlpm.lowEsc)),_xlpm.highEsc-SQRT((1-_xlpm.randomTwo)*(_xlpm.highEsc-_xlpm.lowEsc)*(_xlpm.highEsc-_xlpm.modeEsc))),_xlpm.resultProbability,_xlpm.occurrence*_xlpm.escalation*_xlfn.ANCHORARRAY(B2),IF(_xlpm.resultProbability>1,1,_xlpm.resultProbability))} -> 0.030566874 | N2: {=_xlfn.LET(_xlpm.randomOne,_xlfn.RANDARRAY(10000),_xlpm.randomTwo,_xlfn.RANDARRAY(10000),_xlpm.lowOcc,Inputs!C5,_xlpm.modeOcc,Inputs!D5,_xlpm.highOcc,Inputs!E5,_xlpm.lowEsc,Inputs!I5,_xlpm.modeEsc,Inputs!J5,_xlpm.highEsc,Inputs!K5,_xlpm.occurrence,IF(_xlpm.randomOne<(_xlpm.modeOcc-_xlpm.lowOcc)/(_xlpm.highOcc-_xlpm.lowOcc),_xlpm.lowOcc+SQRT(_xlpm.randomOne*(_xlpm.highOcc-_xlpm.lowOcc)*(_xlpm.modeOcc-_xlpm.lowOcc)),_xlpm.highOcc-SQRT((1-_xlpm.randomOne)*(_xlpm.highOcc-_xlpm.lowOcc)*(_xlpm.highOcc-_xlpm.modeOcc))),_xlpm.escalation,IF(_xlpm.randomTwo<(_xlpm.modeEsc-_xlpm.lowEsc)/(_xlpm.highEsc-_xlpm.lowEsc),_xlpm.lowEsc+SQRT(_xlpm.randomTwo*(_xlpm.highEsc-_xlpm.lowEsc)*(_xlpm.modeEsc-_xlpm.lowEsc)),_xlpm.highEsc-SQRT((1-_xlpm.randomTwo)*(_xlpm.highEsc-_xlpm.lowEsc)*(_xlpm.highEsc-_xlpm.modeEsc))),_xlpm.resultProbability,_xlpm.occurrence*_xlpm.escalation*_xlfn.ANCHORARRAY(B2),IF(_xlpm.resultProbability>1,1,_xlpm.resultProbability))} -> 0.034767183 | O2: {=_xlfn.LET(_xlpm.randomOne,_xlfn.RANDARRAY(10000),_xlpm.randomTwo,_xlfn.RANDARRAY(10000),_xlpm.lowOcc,Inputs!C6,_xlpm.modeOcc,Inputs!D6,_xlpm.highOcc,Inputs!E6,_xlpm.lowEsc,Inputs!I6,_xlpm.modeEsc,Inputs!J6,_xlpm.highEsc,Inputs!K6,_xlpm.occurrence,IF(_xlpm.randomOne<(_xlpm.modeOcc-_xlpm.lowOcc)/(_xlpm.highOcc-_xlpm.lowOcc),_xlpm.lowOcc+SQRT(_xlpm.randomOne*(_xlpm.highOcc-_xlpm.lowOcc)*(_xlpm.modeOcc-_xlpm.lowOcc)),_xlpm.highOcc-SQRT((1-_xlpm.randomOne)*(_xlpm.highOcc-_xlpm.lowOcc)*(_xlpm.highOcc-_xlpm.modeOcc))),_xlpm.escalation,IF(_xlpm.randomTwo<(_xlpm.modeEsc-_xlpm.lowEsc)/(_xlpm.highEsc-_xlpm.lowEsc),_xlpm.lowEsc+SQRT(_xlpm.randomTwo*(_xlpm.highEsc-_xlpm.lowEsc)*(_xlpm.modeEsc-_xlpm.lowEsc)),_xlpm.highEsc-SQRT((1-_xlpm.randomTwo)*(_xlpm.highEsc-_xlpm.lowEsc)*(_xlpm.highEsc-_xlpm.modeEsc))),_xlpm.resultProbability,_xlpm.occurrence*_xlpm.escalation*_xlfn.ANCHORARRAY(B2),IF(_xlpm.resultProbability>1,1,_xlpm.resultProbability))} -> 0.024865756 | P2: {=_xlfn.LET(_xlpm.randomOne,_xlfn.RANDARRAY(10000),_xlpm.randomTwo,_xlfn.RANDARRAY(10000),_xlpm.lowOcc,Inputs!C7,_xlpm.modeOcc,Inputs!D7,_xlpm.highOcc,Inputs!E7,_xlpm.lowEsc,Inputs!I7,_xlpm.modeEsc,Inputs!J7,_xlpm.highEsc,Inputs!K7,_xlpm.occurrence,IF(_xlpm.randomOne<(_xlpm.modeOcc-_xlpm.lowOcc)/(_xlpm.highOcc-_xlpm.lowOcc),_xlpm.lowOcc+SQRT(_xlpm.randomOne*(_xlpm.highOcc-_xlpm.lowOcc)*(_xlpm.modeOcc-_xlpm.lowOcc)),_xlpm.highOcc-SQRT((1-_xlpm.randomOne)*(_xlpm.highOcc-_xlpm.lowOcc)*(_xlpm.highOcc-_xlpm.modeOcc))),_xlpm.escalation,IF(_xlpm.randomTwo<(_xlpm.modeEsc-_xlpm.lowEsc)/(_xlpm.highEsc-_xlpm.lowEsc),_xlpm.lowEsc+SQRT(_xlpm.randomTwo*(_xlpm.highEsc-_xlpm.lowEsc)*(_xlpm.modeEsc-_xlpm.lowEsc)),_xlpm.highEsc-SQRT((1-_xlpm.randomTwo)*(_xlpm.highEsc-_xlpm.lowEsc)*(_xlpm.highEsc-_xlpm.modeEsc))),_xlpm.resultProbability,_xlpm.occurrence*_xlpm.escalation*_xlfn.ANCHORARRAY(B2),IF(_xlpm.resultProbability>1,1,_xlpm.resultProbability))} -> 0.011557205 | Q2: {=_xlfn.LET(_xlpm.randomOne,_xlfn.RANDARRAY(10000),_xlpm.randomTwo,_xlfn.RANDARRAY(10000),_xlpm.lowOcc,Inputs!C8,_xlpm.modeOcc,Inputs!D8,_xlpm.highOcc,Inputs!E8,_xlpm.lowEsc,Inputs!I8,_xlpm.modeEsc,Inputs!J8,_xlpm.highEsc,Inputs!K8,_xlpm.occurrence,IF(_xlpm.randomOne<(_xlpm.modeOcc-_xlpm.lowOcc)/(_xlpm.highOcc-_xlpm.lowOcc),_xlpm.lowOcc+SQRT(_xlpm.randomOne*(_xlpm.highOcc-_xlpm.lowOcc)*(_xlpm.modeOcc-_xlpm.lowOcc)),_xlpm.highOcc-SQRT((1-_xlpm.randomOne)*(_xlpm.highOcc-_xlpm.lowOcc)*(_xlpm.highOcc-_xlpm.modeOcc))),_xlpm.escalation,IF(_xlpm.randomTwo<(_xlpm.modeEsc-_xlpm.lowEsc)/(_xlpm.highEsc-_xlpm.lowEsc),_xlpm.lowEsc+SQRT(_xlpm.randomTwo*(_xlpm.highEsc-_xlpm.lowEsc)*(_xlpm.modeEsc-_xlpm.lowEsc)),_xlpm.highEsc-SQRT((1-_xlpm.randomTwo)*(_xlpm.highEsc-_xlpm.lowEsc)*(_xlpm.highEsc-_xlpm.modeEsc))),_xlpm.resultProbability,_xlpm.occurrence*_xlpm.escalation*_xlfn.ANCHORARRAY(B2),IF(_xlpm.resultProbability>1,1,_xlpm.resultProbability))} -> 0.031483824 | R2: {=_xlfn.LET(_xlpm.randomOne,_xlfn.RANDARRAY(10000),_xlpm.randomTwo,_xlfn.RANDARRAY(10000),_xlpm.lowOcc,Inputs!C9,_xlpm.modeOcc,Inputs!D9,_xlpm.highOcc,Inputs!E9,_xlpm.lowEsc,Inputs!I9,_xlpm.modeEsc,Inputs!J9,_xlpm.highEsc,Inputs!K9,_xlpm.occurrence,IF(_xlpm.randomOne<(_xlpm.modeOcc-_xlpm.lowOcc)/(_xlpm.highOcc-_xlpm.lowOcc),_xlpm.lowOcc+SQRT(_xlpm.randomOne*(_xlpm.highOcc-_xlpm.lowOcc)*(_xlpm.modeOcc-_xlpm.lowOcc)),_xlpm.highOcc-SQRT((1-_xlpm.randomOne)*(_xlpm.highOcc-_xlpm.lowOcc)*(_xlpm.highOcc-_xlpm.modeOcc))),_xlpm.escalation,IF(_xlpm.randomTwo<(_xlpm.modeEsc-_xlpm.lowEsc)/(_xlpm.highEsc-_xlpm.lowEsc),_xlpm.lowEsc+SQRT(_xlpm.randomTwo*(_xlpm.highEsc-_xlpm.lowEsc)*(_xlpm.modeEsc-_xlpm.lowEsc)),_xlpm.highEsc-SQRT((1-_xlpm.randomTwo)*(_xlpm.highEsc-_xlpm.lowEsc)*(_xlpm.highEsc-_xlpm.modeEsc))),_xlpm.resultProbability,_xlpm.occurrence*_xlpm.escalation*_xlfn.ANCHORARRAY(B2),IF(_xlpm.resultProbability>1,1,_xlpm.resultProbability))} -> 0.076822243 | S2: {=_xlfn.LET(_xlpm.randomOne,_xlfn.RANDARRAY(10000),_xlpm.randomTwo,_xlfn.RANDARRAY(10000),_xlpm.lowOcc,Inputs!C10,_xlpm.modeOcc,Inputs!D10,_xlpm.highOcc,Inputs!E10,_xlpm.lowEsc,Inputs!I10,_xlpm.modeEsc,Inputs!J10,_xlpm.highEsc,Inputs!K10,_xlpm.occurrence,IF(_xlpm.randomOne<(_xlpm.modeOcc-_xlpm.lowOcc)/(_xlpm.highOcc-_xlpm.lowOcc),_xlpm.lowOcc+SQRT(_xlpm.randomOne*(_xlpm.highOcc-_xlpm.lowOcc)*(_xlpm.modeOcc-_xlpm.lowOcc)),_xlpm.highOcc-SQRT((1-_xlpm.randomOne)*(_xlpm.highOcc-_xlpm.lowOcc)*(_xlpm.highOcc-_xlpm.modeOcc))),_xlpm.escalation,IF(_xlpm.randomTwo<(_xlpm.modeEsc-_xlpm.lowEsc)/(_xlpm.highEsc-_xlpm.lowEsc),_xlpm.lowEsc+SQRT(_xlpm.randomTwo*(_xlpm.highEsc-_xlpm.lowEsc)*(_xlpm.modeEsc-_xlpm.lowEsc)),_xlpm.highEsc-SQRT((1-_xlpm.randomTwo)*(_xlpm.highEsc-_xlpm.lowEsc)*(_xlpm.highEsc-_xlpm.modeEsc))),_xlpm.resultProbability,_xlpm.occurrence*_xlpm.escalation*_xlfn.ANCHORARRAY(B2),IF(_xlpm.resultProbability>1,1,_xlpm.resultProbability))} -> 0.076333325 | T2: {=_xlfn.LET(_xlpm.randomOne,_xlfn.RANDARRAY(10000),_xlpm.randomTwo,_xlfn.RANDARRAY(10000),_xlpm.lowOcc,Inputs!C11,_xlpm.modeOcc,Inputs!D11,_xlpm.highOcc,Inputs!E11,_xlpm.lowEsc,Inputs!I11,_xlpm.modeEsc,Inputs!J11,_xlpm.highEsc,Inputs!K11,_xlpm.occurrence,IF(_xlpm.randomOne<(_xlpm.modeOcc-_xlpm.lowOcc)/(_xlpm.highOcc-_xlpm.lowOcc),_xlpm.lowOcc+SQRT(_xlpm.randomOne*(_xlpm.highOcc-_xlpm.lowOcc)*(_xlpm.modeOcc-_xlpm.lowOcc)),_xlpm.highOcc-SQRT((1-_xlpm.randomOne)*(_xlpm.highOcc-_xlpm.lowOcc)*(_xlpm.highOcc-_xlpm.modeOcc))),_xlpm.escalation,IF(_xlpm.randomTwo<(_xlpm.modeEsc-_xlpm.lowEsc)/(_xlpm.highEsc-_xlpm.lowEsc),_xlpm.lowEsc+SQRT(_xlpm.randomTwo*(_xlpm.highEsc-_xlpm.lowEsc)*(_xlpm.modeEsc-_xlpm.lowEsc)),_xlpm.highEsc-SQRT((1-_xlpm.randomTwo)*(_xlpm.highEsc-_xlpm.lowEsc)*(_xlpm.highEsc-_xlpm.modeEsc))),_xlpm.resultProbability,_xlpm.occurrence*_xlpm.escalation*_xlfn.ANCHORARRAY(B2),IF(_xlpm.resultProbability>1,1,_xlpm.resultProbability))} -> 0.055941772 | U2: {=_xlfn.LET(_xlpm.randomOne,_xlfn.RANDARRAY(10000),_xlpm.randomTwo,_xlfn.RANDARRAY(10000),_xlpm.lowOcc,Inputs!C12,_xlpm.modeOcc,Inputs!D12,_xlpm.highOcc,Inputs!E12,_xlpm.lowEsc,Inputs!I12,_xlpm.modeEsc,Inputs!J12,_xlpm.highEsc,Inputs!K12,_xlpm.occurrence,IF(_xlpm.randomOne<(_xlpm.modeOcc-_xlpm.lowOcc)/(_xlpm.highOcc-_xlpm.lowOcc),_xlpm.lowOcc+SQRT(_xlpm.randomOne*(_xlpm.highOcc-_xlpm.lowOcc)*(_xlpm.modeOcc-_xlpm.lowOcc)),_xlpm.highOcc-SQRT((1-_xlpm.randomOne)*(_xlpm.highOcc-_xlpm.lowOcc)*(_xlpm.highOcc-_xlpm.modeOcc))),_xlpm.escalation,IF(_xlpm.randomTwo<(_xlpm.modeEsc-_xlpm.lowEsc)/(_xlpm.highEsc-_xlpm.lowEsc),_xlpm.lowEsc+SQRT(_xlpm.randomTwo*(_xlpm.highEsc-_xlpm.lowEsc)*(_xlpm.modeEsc-_xlpm.lowEsc)),_xlpm.highEsc-SQRT((1-_xlpm.randomTwo)*(_xlpm.highEsc-_xlpm.lowEsc)*(_xlpm.highEsc-_xlpm.modeEsc))),_xlpm.resultProbability,_xlpm.occurrence*_xlpm.escalation*_xlfn.ANCHORARRAY(B2),IF(_xlpm.resultProbability>1,1,_xlpm.resultProbability))} -> 0.015675718 | V2: {=_xlfn.LET(_xlpm.randomOne,_xlfn.RANDARRAY(10000),_xlpm.randomTwo,_xlfn.RANDARRAY(10000),_xlpm.lowOcc,Inputs!C13,_xlpm.modeOcc,Inputs!D13,_xlpm.highOcc,Inputs!E13,_xlpm.lowEsc,Inputs!I13,_xlpm.modeEsc,Inputs!J13,_xlpm.highEsc,Inputs!K13,_xlpm.occurrence,IF(_xlpm.randomOne<(_xlpm.modeOcc-_xlpm.lowOcc)/(_xlpm.highOcc-_xlpm.lowOcc),_xlpm.lowOcc+SQRT(_xlpm.randomOne*(_xlpm.highOcc-_xlpm.lowOcc)*(_xlpm.modeOcc-_xlpm.lowOcc)),_xlpm.highOcc-SQRT((1-_xlpm.randomOne)*(_xlpm.highOcc-_xlpm.lowOcc)*(_xlpm.highOcc-_xlpm.modeOcc))),_xlpm.escalation,IF(_xlpm.randomTwo<(_xlpm.modeEsc-_xlpm.lowEsc)/(_xlpm.highEsc-_xlpm.lowEsc),_xlpm.lowEsc+SQRT(_xlpm.randomTwo*(_xlpm.highEsc-_xlpm.lowEsc)*(_xlpm.modeEsc-_xlpm.lowEsc)),_xlpm.highEsc-SQRT((1-_xlpm.randomTwo)*(_xlpm.highEsc-_xlpm.lowEsc)*(_xlpm.highEsc-_xlpm.modeEsc))),_xlpm.resultProbability,_xlpm.occurrence*_xlpm.escalation*_xlfn.ANCHORARRAY(B2),IF(_xlpm.resultProbability>1,1,_xlpm.resultProbability))} -> 0.057742637 | W2: {=1-(1-_xlfn.ANCHORARRAY(C2))*(1-_xlfn.ANCHORARRAY(D2))*(1-_xlfn.ANCHORARRAY(E2))*(1-_xlfn.ANCHORARRAY(F2))*(1-_xlfn.ANCHORARRAY(G2))} -> 0.28377596 | X2: {=1-(1-_xlfn.ANCHORARRAY(M2))*(1-_xlfn.ANCHORARRAY(N2))*(1-_xlfn.ANCHORARRAY(O2))*(1-_xlfn.ANCHORARRAY(P2))*(1-_xlfn.ANCHORARRAY(Q2))} -> 0.12648018 | Y2: {=1-(1-_xlfn.ANCHORARRAY(H2))*(1-_xlfn.ANCHORARRAY(I2))*(1-_xlfn.ANCHORARRAY(J2))*(1-_xlfn.ANCHORARRAY(K2))*(1-_xlfn.ANCHORARRAY(L2))} -> 0.49462378 | Z2: {=1-(1-_xlfn.ANCHORARRAY(R2))*(1-_xlfn.ANCHORARRAY(S2))*(1-_xlfn.ANCHORARRAY(T2))*(1-_xlfn.ANCHORARRAY(U2))*(1-_xlfn.ANCHORARRAY(V2))} -> 0.25336709
A3: 2 | B3: 0.87387632 | C3: 0.034831121 | D3: 0.034840151 | E3: 0.079552439 | F3: 0.025586989 | G3: 0.061042173 | H3: 0.15169085 | I3: 0.16156083 | J3: 0.070979097 | K3: 0.038782898 | L3: 0.12309867 | M3: 0.028360252 | N3: 0.0088561243 | O3: 0.019567903 | P3: 0.017860086 | Q3: 0.032704112 | R3: 0.10075914 | S3: 0.06111741 | T3: 0.082026198 | U3: 0.023812108 | V3: 0.06425732 | W3: 0.21550394 | X3: 0.10300051 | Y3: 0.44304076 | Z3: 0.29204206
A4: 3 | B4: 1.0469532 | C4: 0.066095054 | D4: 0.042176877 | E4: 0.05468353 | F4: 0.049480836 | G4: 0.050312428 | H4: 0.16999926 | I4: 0.12008591 | J4: 0.11148023 | K4: 0.067513359 | L4: 0.10705153 | M4: 0.01821365 | N4: 0.02143535 | O4: 0.016293402 | P4: 0.014813221 | Q4: 0.026747545 | R4: 0.086777568 | S4: 0.10413673 | T4: 0.055316117 | U4: 0.018112823 | V4: 0.1031879 | W4: 0.23667963 | X4: 0.093816437 | Y4: 0.45967524 | Z4: 0.31943776
A5: 4 | B5: 0.86074879 | C5: 0.05325569 | D5: 0.048647178 | E5: 0.067066999 | F5: 0.018567388 | G5: 0.033329062 | H5: 0.14364537 | I5: 0.1076008 | J5: 0.072497154 | K5: 0.027623368 | L5: 0.10554857 | M5: 0.020069721 | N5: 0.027117379 | O5: 0.018381952 | P5: 0.0098245283 | Q5: 0.043678745 | R5: 0.099486426 | S5: 0.077212556 | T5: 0.037370017 | U5: 0.018256135 | V5: 0.052733864 | W5: 0.20280619 | X5: 0.11383595 | Y5: 0.38351949 | Z5: 0.25608805
A6: 5 | B6: 1.0343265 | C6: 0.058054154 | D6: 0.062826401 | E6: 0.083235591 | F6: 0.044769618 | G6: 0.040815066 | H6: 0.2207666 | I6: 0.11125818 | J6: 0.10963781 | K6: 0.059204868 | L6: 0.082742128 | M6: 0.033536895 | N6: 0.016038115 | O6: 0.027966719 | P6: 0.025918599 | Q6: 0.020486125 | R6: 0.099724822 | S6: 0.051291661 | T6: 0.066545611 | U6: 0.030679023 | V6: 0.071893214 | W6: 0.2584948 | X6: 0.11803666 | Y6: 0.46789616 | Z6: 0.28275644
A7: 6 | B7: 0.9613274 | C7: 0.036822277 | D7: 0.050271908 | E7: 0.079631657 | F7: 0.041542136 | G7: 0.047350434 | H7: 0.21257315 | I7: 0.1260497 | J7: 0.11322419 | K7: 0.051601684 | L7: 0.12559869 | M7: 0.02488168 | N7: 0.021884176 | O7: 0.022432393 | P7: 0.011738635 | Q7: 0.035468673 | R7: 0.087818895 | S7: 0.076295102 | T7: 0.068772771 | U7: 0.017071313 | V7: 0.11093358 | W7: 0.23127043 | X7: 0.11124398 | Y7: 0.49392793 | Z7: 0.31431255
A8: 7 | B8: 1.0549356 | C8: 0.066550154 | D8: 0.045938079 | E8: 0.088578606 | F8: 0.067763019 | G8: 0.070741686 | H8: 0.14221945 | I8: 0.18235553 | J8: 0.09246105 | K8: 0.098467547 | L8: 0.12303345 | M8: 0.011852876 | N8: 0.02391237 | O8: 0.013230252 | P8: 0.021154274 | Q8: 0.019859868 | R8: 0.16884638 | S8: 0.060421352 | T8: 0.035256404 | U8: 0.013615638 | V8: 0.083593912 | W8: 0.29684746 | X8: 0.086878292 | Y8: 0.49676555 | Z8: 0.31897903
A9: 8 | B9: 1.0678043 | C9: 0.046195014 | D9: 0.08540791 | E9: 0.060338783 | F9: 0.076809405 | G9: 0.11894956 | H9: 0.18408032 | I9: 0.24237967 | J9: 0.1526451 | K9: 0.045692442 | L9: 0.1452069 | M9: 0.049178006 | N9: 0.019457979 | O9: 0.023565848 | P9: 0.019663178 | Q9: 0.038725465 | R9: 0.12753303 | S9: 0.10112926 | T9: 0.044959616 | U9: 0.011808762 | V9: 0.074325312 | W9: 0.33326927 | X9: 0.14211091 | Y9: 0.57271884 | Z9: 0.31487887
A10: 9 | B10: 1.0367639 | C10: 0.080336663 | D10: 0.076680452 | E10: 0.04651234 | F10: 0.018516027 | G10: 0.047777549 | H10: 0.12661972 | I10: 0.14026781 | J10: 0.084614434 | K10: 0.045702915 | L10: 0.10511117 | M10: 0.0222192 | N10: 0.030009595 | O10: 0.015867223 | P10: 0.012193008 | Q10: 0.037061169 | R10: 0.13606456 | S10: 0.096664582 | T10: 0.029872778 | U10: 0.015323789 | V10: 0.1073287 | W10: 0.24331067 | X10: 0.1121626 | Y10: 0.41301998 | Z10: 0.33450616
A11: 10 | B11: 1.0206831 | C11: 0.084970882 | D11: 0.092678457 | E11: 0.066216822 | F11: 0.039538023 | G11: 0.02676868 | H11: 0.17233062 | I11: 0.12505363 | J11: 0.050437527 | K11: 0.092945194 | L11: 0.12654801 | M11: 0.011822975 | N11: 0.016855788 | O11: 0.037798738 | P11: 0.016221622 | Q11: 0.066707037 | R11: 0.14697727 | S11: 0.11358522 | T11: 0.044640377 | U11: 0.010950051 | V11: 0.072226111 | W11: 0.27533308 | X11: 0.14171175 | Y11: 0.45520334 | Z11: 0.33713537
A12: 11 | B12: 1.1207369 | C12: 0.051898355 | D12: 0.040613768 | E12: 0.077922626 | F12: 0.050295852 | G12: 0.10645274 | H12: 0.21244611 | I12: 0.13868255 | J12: 0.1155879 | K12: 0.051173848 | L12: 0.25374401 | M12: 0.021769324 | N12: 0.018526469 | O12: 0.03288654 | P12: 0.024336372 | Q12: 0.039649289 | R12: 0.066888103 | S12: 0.075729922 | T12: 0.035927146 | U12: 0.019257182 | V12: 0.097555628 | W12: 0.28825961 | X12: 0.12998393 | Y12: 0.57521157 | Z12: 0.26410127
A13: 12 | B13: 1.0289007 | C13: 0.073990988 | D13: 0.046266436 | E13: 0.077492355 | F13: 0.053764131 | G13: 0.084124002 | H13: 0.27018579 | I13: 0.11706401 | J13: 0.075351774 | K13: 0.062360125 | L13: 0.17161562 | M13: 0.022798722 | N13: 0.033042711 | O13: 0.021845638 | P13: 0.013745399 | Q13: 0.015871563 | R13: 0.058765599 | S13: 0.082181656 | T13: 0.081173922 | U13: 0.030022746 | V13: 0.10703168 | W13: 0.29392906 | X13: 0.10290273 | Y13: 0.53720778 | Z13: 0.31247984
A14: 13 | B14: 0.91426248 | C14: 0.036172101 | D14: 0.053278905 | E14: 0.061362953 | F14: 0.037692596 | G14: 0.035253225 | H14: 0.10298487 | I14: 0.092652031 | J14: 0.088200405 | K14: 0.075533132 | L14: 0.085426787 | M14: 0.012491597 | N14: 0.018757663 | O14: 0.029947488 | P14: 0.018545948 | Q14: 0.037289008 | R14: 0.071128632 | S14: 0.069298299 | T14: 0.04253287 | U14: 0.016536927 | V14: 0.089644014 | W14: 0.20485487 | X14: 0.11186655 | Y14: 0.3725446 | Z14: 0.25892994
... A10001: 10000 | B10001: 0.95502686 | C10001: 0.073169393 | D10001: 0.057174966 | E10001: 0.065051956 | F10001: 0.042694881 | G10001: 0.032724598 | H10001: 0.19267185 | I10001: 0.13820395 | J10001: 0.11533096 | K10001: 0.04053238 | L10001: 0.087871104 | M10001: 0.017193381 | N10001: 0.032329985 | O10001: 0.015793127 | P10001: 0.012592237 | Q10001: 0.043221914 | R10001: 0.060745236 | S10001: 0.097575072 | T10001: 0.036166794 | U10001: 0.013382836 | V10001: 0.041406997 | W10001: 0.24348164 | X10001: 0.1157206 | Y10001: 0.46133103 | Z10001: 0.22735625

Sheet Sensitivity
A1: Sensitivity and priority
A3: Domain | B3: Risk driver | C3: Spearman correlation | D3: Mean residual event probability | E3: Treatment implication
A4: Availability | B4: International supplier delay or failure | C4: 0.584 | D4: 0.09 | E4: Dual source; local fallback; safety stock; exit rights
A5: Availability | B5: Demand forecast error causing stockout | C5: 0.516 | D5: 0.077 | E5: Pilot caps; reorder thresholds; weekly demand review
A6: Availability | B6: Freight or customs disruption | C6: 0.513 | D6: 0.079 | E6: Alternative routes; customs broker; buffer stock
A7: Availability | B7: Automated warehouse outage | C7: 0.433 | D7: 0.059 | E7: Manual degraded mode; local spares; recovery tests
A8: Availability | B8: Cyber or cloud service interruption | C8: 0.23 | D8: 0.021 | E8: Active-active service; segmentation; tested recovery
A9: Quality | B9: Scale-driven packing or release error | C9: 0.594 | D9: 0.031 | E9: Order caps; training; release checks; capacity gates
A10: Quality | B10: Cold-chain or storage excursion | C10: 0.483 | D10: 0.023 | E10: Calibrated sensors; alarms; excursion rules; quarantine
A11: Quality | B11: Automation or master-data error | C11: 0.44 | D11: 0.022 | E11: Validation; dual approval; immutable log; manual override
A12: Quality | B12: Supplier material non-conformance | C12: 0.429 | D12: 0.023 | E12: Approved suppliers; incoming sampling; quarantine; dual source
A13: Quality | B13: Cyber-enabled data-integrity failure | C13: 0.383 | D13: 0.017 | E13: MFA; least privilege; segmentation; integrity monitoring

Sheet Validation
A1: Convergence check
A3: Trials | B3: Quality inherent mean | C3: Quality residual mean | D3: Availability inherent mean | E3: Availability residual mean
A4: 100 | B4: 0.2529 | C4: 0.1086 | D4: 0.5064 | E4: 0.2935
A5: 500 | B5: 0.2529 | C5: 0.1082 | D5: 0.497 | E5: 0.2874
A6: 1000 | B6: 0.2539 | C6: 0.1094 | D6: 0.4976 | E6: 0.2885
A7: 2500 | B7: 0.2563 | C7: 0.1101 | D7: 0.4972 | E7: 0.2873
A8: 5000 | B8: 0.2569 | C8: 0.1106 | D8: 0.498 | E8: 0.2877
A9: 10000 | B9: 0.2569 | C9: 0.1105 | D9: 0.4972 | E9: 0.2871

Sheet Method & Sources
A1: Method, assumptions and sources
A3: Model item | B3: Specification | D3: Source | E3: Contribution to model | F3: Reference
A4: Decision | B4: Whether Pampered Pets should pilot one international route and one automated warehouse while retaining local suppliers and manual fulfilment. | D4: Aven and Thekdi (2025) | E4: Strength-of-knowledge interpretation, uncertainty and risk-informed decision-making. | F4: Aven, T. and Thekdi, S. (2025) Risk Science. 3rd edn. Abingdon: Routledge.
A5: Horizon | B5: One operating year. | D5: Eckstein and Riedmueller (2002) | E5: Monte Carlo simulation and reproducible teaching model structure. | F5: Eckstein, J. and Riedmueller, S.T. (2002) ‘YASAI: Yet another add-in for teaching elementary Monte Carlo simulation in Excel’, INFORMS Transactions on Education, 2(2), pp. 12–26. doi: 10.1287/ited.2.2.12.
A6: Trials | B6: 10,000 fixed-seed Monte Carlo trials. | D6: Fahimnia et al. (2019) | E6: Behavioural and operational drivers affecting supply-chain performance. | F6: Fahimnia, B. et al. (2019) ‘Behavioral operations and supply chain management—A review and literature mapping’, Decision Sciences, 50(6), pp. 1127–1183. doi: 10.1111/deci.12369.
A7: Seed | B7: 20261003; used so the submitted results can be reproduced. | D7: Andrade et al. (2017) | E7: Availability modelling and dependency assumptions for disaster recovery. | F7: Andrade, E. et al. (2017) ‘Availability modeling and analysis of a disaster-recovery-as-a-service solution’, Computing, 99(10), pp. 929–954. doi: 10.1007/s00607-017-0539-8.
A8: Input form | B8: Triangular distributions using low, most-likely and high scenario judgements. | D8: Alhazmi and Malaiya (2013) | E8: Cloud disaster-recovery evaluation and testing considerations. | F8: Alhazmi, O.H. and Malaiya, Y.K. (2013) ‘Evaluating disaster recovery plans using the cloud’, Proceedings of the Annual Reliability and Maintainability Symposium, pp. 1–6. doi: 10.1109/RAMS.2013.6517700.
A9: Event model | B9: Material-event probability = annual occurrence probability × conditional escalation probability × shared stress factor, capped at 1. | D9: Sutton (2021) | E9: Information-risk controls, ownership and continuity governance. | F9: Sutton, D. (2021) Information Risk Management. 2nd edn. Swindon: BCS Learning & Development Ltd.
A10: Portfolio model | B10: P(at least one material event) = 1 − ∏(1 − pᵢ), conditional on the shared stress factor. | D10: Case brief | E10: Pampered Pets operating context and proposed international/automated expansion. | F10: University of Essex Online, Security and Risk Management, Unit 11 Individual Project brief (2026).
A11: Dependence | B11: Shared stress S ~ Triangular(0.80, 1.00, 1.25) introduces positive dependence during adverse years.
D12: Material limitation | E12: Effect | F12: Treatment
A13: Interpretation | B13: Meaning | D13: One shared stress factor | E13: May understate compound failures such as customs delay causing temperature excursion. | F13: Collect dependency data and extend to a Bayesian network when observations support conditional probabilities.
A14: Inherent | B14: Exposure before the proposed controls. | D14: No empirical baseline | E14: Point estimates can appear more precise than the evidence supports. | F14: Retain ranges, publish P10–P90 and update inputs after three and six months.
A15: Residual | B15: Exposure after controls reduce conditional escalation; controls do not claim to prevent every hazard. | D15: Quarantine not modelled as a separate node | E15: May overstate customer harm when detection succeeds. | F15: Record hazard occurrence and escalation separately during the pilot.
A16: P10–P90 | B16: Input uncertainty generated by the stated ranges; not a confidence interval from observed Pampered Pets data.
A17: Sensitivity | B17: Spearman rank correlation between each residual event probability and the matching residual portfolio exposure.
A18: Evidence status | B18: Inputs are structured scenario judgements because the case provides no defect, delay, outage, demand or loss history.
A19: Use | B19: The model supports prioritisation and evidence collection. Management must separately define acceptable risk tolerance.
A21: Update data after pilot | B21: Required measure
A22: Supplier performance | B22: Accepted/rejected lots, non-conformance and on-time-in-full delivery.
A23: Logistics | B23: Customs-delay days, freight disruption and lead-time variability.
A24: Quality control | B24: Temperature excursions, release errors, packing errors, complaints and recall-test outcomes.
A25: Operations | B25: Warehouse downtime, recovery time, manual-mode performance and inventory mismatch.
A26: Demand | B26: Forecast error, stockouts, order volume and fulfilment time.
A27: Security | B27: Integrity incidents, service interruption, unauthorised changes and recovery failures.
